{"instrument": [2.0, 297.0], "\u5f00\u76d8": [4.14862084, 4281.428498346379], "\u6536\u76d8": [4.14862084, 4284.010466439137], "\u6700\u9ad8": [4.1919478168, 4345.077732033198], "\u6700\u4f4e": [4.11123735, 4231.087661207585], "\u6210\u4ea4\u91cf": [1397224.86, 476098620.2699996], "\u6210\u4ea4\u989d": [82336400.9923, 11291920680.871092], "\u632f\u5e45": [0.66, 10.52109999999986], "\u6da8\u8dcc\u989d": [-47.98219999999999, 55.094399999999446], "\u6362\u624b\u7387": [0.0901, 8.516875999999979], "\u6da8\u8dcc\u5e45": [-5.894511, 8.466165999999992], "KMID": [-0.05270290887280542, 0.07165960659472684], "KLEN": [0.006553909579292917, 0.10490482587606895], "KMID2": [-0.9456116972891436, 0.9374999999980478], "KUP": [0.0, 0.04062918296222577], "KUP2": [0.0, 0.8363729821579308], "KLOW": [0.0, 0.03291550417972798], "KLOW2": [0.0, 0.799999999999956], "KSFT": [-0.057209880299258435, 0.07029737381321036], "KSFT2": [-0.9999999999997363, 0.9999999999997249], "OPEN0": [0.9331321194278109, 1.0556350371670171], "HIGH0": [0.9999999999999328, 1.0683668541751914], "LOW0": [0.9234871507775949, 0.9999999999999932], "VWAP0": [0.007435952720270812, 1.0067255584961812], "ROC5": [0.7146784659684793, 1.1354242881030594], "ROC10": [0.0, 1.1789218310012686], "ROC20": [0.0, 1.2364785326049506], "ROC30": [0.0, 1.271040256260476], "ROC60": [0.0, 1.353468301905507], "MA5": [0.8780875777180392, 1.0662054904046598], "MA10": [0.0, 1.0949805119278821], "MA20": [0.0, 1.132085843719548], "MA30": [0.0, 1.1506514872476954], "MA60": [0.0, 1.2027478321140772], "STD5": [0.00146938058533292, 0.06871317205763153], "STD10": [0.0, 0.09430621504030579], "STD20": [0.0, 0.12356466545495244], "STD30": [0.0, 0.1408188090118102], "STD60": [0.0, 0.1777370041750498], "BETA5": [-0.03111856334857836, 0.03815728205406525], "BETA10": [-0.01991891147490337, 0.026038996678097132], "BETA20": [-0.013038734306229259, 0.017258674832055194], "BETA30": [-0.009970510562634045, 0.013373384806008637], "BETA60": [-0.006523399587664474, 0.008691220966482683], "RESI5": [-0.03420181960477301, 0.03316671238570177], "RESI10": [-0.06603382949948784, 0.06234974221503701], "RESI20": [-0.09441469848113761, 0.09701867313453913], "RESI30": [-0.11132016532885472, 0.12310047148805], "RESI60": [-0.16674892479154474, 0.16968088276331827], "MAX5": [0.9999999999999153, 1.1741729308901887], "MAX10": [0.0, 1.2390017786090133], "MAX20": [0.0, 1.312362504883602], "MAX30": [0.0, 1.3605802962373768], "MAX60": [0.0, 1.4941616466441903], "MIN5": [0.7535503633788992, 0.9999999999999409], "MIN10": [0.0, 0.9998781932293002], "MIN20": [0.0, 0.9992514970059818], "MIN30": [0.0, 0.9988426265885364], "MIN60": [0.0, 0.998019801980056], "QTLU5": [0.9272503504743564, 1.1056145147114464], "QTLU10": [0.0, 1.1506515118076424], "QTLU20": [0.0, 1.2042553546579713], "QTLU30": [0.0, 1.2358725055784852], "QTLU60": [0.0, 1.3143871083801488], "QTLD5": [0.8135408462891983, 1.0374738195941573], "QTLD10": [0.0, 1.0556661741169184], "QTLD20": [0.0, 1.0778839031484593], "QTLD30": [0.0, 1.0886102118723824], "QTLD60": [0.0, 1.1157856464771383], "RANK5": [0.2, 1.0], "RANK10": [0.0, 1.0], "RANK20": [0.0, 1.0], "RANK30": [0.0, 1.0], "RANK60": [0.0, 1.0], "RSV5": [0.0, 0.9999999999987262], "RSV10": [0.0, 0.9999999999878808], "RSV20": [0.0, 0.9916183562399156], "RSV30": [0.0, 0.9883720930227705], "RSV60": [0.0, 0.9840879475443748], "IMAX5": [0.0, 0.8], "IMAX10": [0.0, 0.9], "IMAX20": [0.0, 0.95], "IMAX30": [0.0, 0.9666666666666667], "IMAX60": [0.0, 0.9833333333333333], "IMIN5": [0.0, 0.8], "IMIN10": [0.0, 0.9], "IMIN20": [0.0, 0.95], "IMIN30": [0.0, 0.9666666666666667], "IMIN60": [0.0, 0.9833333333333333], "IMXD5": [-0.8, 0.8], "IMXD10": [-0.9, 0.9], "IMXD20": [-0.95, 0.95], "IMXD30": [-0.9666666666666667, 0.9666666666666667], "IMXD60": [-0.9666666666666667, 0.9666666666666667], "CORR5": [-0.9331786994227013, 0.9816940408673537], "CORR10": [-0.8002922772451223, 0.9344639608277914], "CORR20": [-0.6798454106464926, 0.9099538154678654], "CORR30": [-0.6143818551888305, 0.899208552598573], "CORR60": [-0.5440217177069413, 0.8849772529665719], "CORD5": [-0.9486350655965392, 0.983025361587006], "CORD10": [-0.8012792975413731, 0.9226213185954875], "CORD20": [-0.6375947281265932, 0.8476202419638004], "CORD30": [-0.5163998249893164, 0.7917606818590684], "CORD60": [-0.34312859579860266, 0.6957229012239173], "CNTP5": [0.0, 1.0], "CNTP10": [0.0, 0.8], "CNTP20": [0.0, 0.7], "CNTP30": [0.0, 0.6666666666666666], "CNTP60": [0.0, 0.6166666666666667], "CNTN5": [0.0, 1.0], "CNTN10": [0.0, 0.8], "CNTN20": [0.0, 0.75], "CNTN30": [0.0, 0.7], "CNTN60": [0.0, 0.65], "CNTD5": [-1.0, 1.0], "CNTD10": [-0.6000000000000001, 0.6000000000000001], "CNTD20": [-0.5, 0.44999999999999996], "CNTD30": [-0.39999999999999997, 0.36666666666666664], "CNTD60": [-0.30000000000000004, 0.25000000000000006], "SUMP5": [0.0, 0.9999999999999208], "SUMP10": [0.0, 0.9217586992232145], "SUMP20": [0.0, 0.812104033970192], "SUMP30": [0.0, 0.7594448727833397], "SUMP60": [0.0, 0.6928873906046664], "SUMN5": [-0.0, 0.9999999999999357], "SUMN10": [-0.0, 0.9270072992698644], "SUMN20": [0.0, 0.8100582478021423], "SUMN30": [0.0, 0.7526510030977925], "SUMN60": [0.0, 0.6648280851199292], "SUMD5": [-0.9999999999999357, 0.9999999999999208], "SUMD10": [-0.8540145985399545, 0.8435173984466467], "SUMD20": [-0.6201164956043239, 0.6242080679404876], "SUMD30": [-0.5053020061956225, 0.5188897455666879], "SUMD60": [-0.32965617023986094, 0.3857747812093604], "VMA5": [0.0, 1.936457743233339], "VMA10": [0.0, 2.1823721343243028], "VMA20": [0.0, 2.4033866161578903], "VMA30": [0.0, 2.5569369148759264], "VMA60": [0.0, 2.8934558891246476], "VSTD5": [0.0, 0.8828585483848231], "VSTD10": [0.0, 1.139050619835349], "VSTD20": [0.0, 1.3720848014991378], "VSTD30": [0.0, 1.5349867682550484], "VSTD60": [0.0, 1.9373454923100888], "WVMA5": [0.0, 1.8414854086837669], "WVMA10": [0.0, 2.181158809019899], "WVMA20": [0.0, 2.5565449048415823], "WVMA30": [0.0, 2.7427740350007404], "WVMA60": [0.0, 3.0911444655520204], "VSUMP5": [0.0, 0.9485341057450325], "VSUMP10": [0.0, 0.7884767602483793], "VSUMP20": [0.0, 0.6718870987606467], "VSUMP30": [0.0, 0.6302352606443614], "VSUMP60": [0.0, 0.5737687072560909], "VSUMN5": [0.0, 1.0], "VSUMN10": [0.0, 0.8134354501032257], "VSUMN20": [0.0, 0.6730699617111249], "VSUMN30": [0.0, 0.6221214280188773], "VSUMN60": [0.0, 0.5657053792715118], "VSUMD5": [-1.0, 0.897068211490065], "VSUMD10": [-0.6268709002064534, 0.5769535204967586], "VSUMD20": [-0.3461399234222503, 0.34377419752129335], "VSUMD30": [-0.24424285603775475, 0.26047052128872294], "VSUMD60": [-0.13141075854302348, 0.1475374145121819], "sma_5": [2.7597470558, 4262.493236825284], "sma_20": [0.0, 4186.077092131619], "ema_12": [0.0, 4237.955047540006], "ema_26": [0.0, 4120.32614580788], "rsi": [0.0, 79.57275322063481], "macd": [-41.0936587289237, 80.50213469171877], "macd_signal": [-38.15285845924069, 76.25219966206357], "volume_change": [-0.5291400157312592, 1.9393355551490905], "obv": [-752755481.0899999, 12300566588.369986], "volume_ma_5": [0.0, 450511735.9619989], "volume_ma_20": [0.0, 432831333.3964994], "volume_ratio": [0.0, 2.03207648582754], "kdj_k": [0.0, 93.92510319301715], "kdj_d": [0.0, 92.21253760986438], "kdj_j": [-22.50430379344276, 122.09703455220388], "boll_mid": [0.0, 4502.973740489759], "boll_std": [-162.66150629520294, 0.0], "atr_14": [0.0, 134.18097692495783], "ema_60": [0.0, 3762.2114779209505], "volatility_10": [0.0, 0.0652225100643239], "volatility_20": [0.0, 0.06054158087348061], "return_1": [-0.05894148904457097, 0.08461179181003911], "return_5": [-0.1192719668948515, 0.19897048623426494], "return_10": [-0.15176734054446325, 0.29829307026863944], "high_low_spread": [0.050858199999999916, 136.56102908519938], "open_close_spread": [-51.32942845800012, 43.380574458], "high_close_spread": [0.0, 73.74058844620062], "low_close_spread": [-75.50147769599997, 0.0]}