{"CS_\u5f00\u76d8": [-0.4332511217590065, 4.203377840584483], "CS_\u6536\u76d8": [-0.43340112064349806, 4.206451328664937], "CS_\u6700\u9ad8": [-0.4349439671628375, 4.2148789125629165], "CS_\u6700\u4f4e": [-0.43183898477741467, 4.194708089523583], "CS_\u6210\u4ea4\u91cf": [-0.7485413012097609, 4.308356357177215], "CS_\u6210\u4ea4\u989d": [-0.8184766341469472, 4.363676132213844], "CS_\u6362\u624b\u7387": [-0.8475154405075549, 4.172549070682101], "CS_\u6da8\u8dcc\u5e45": [-2.3890259739910946, 3.2486675078366827], "CS_sma_5": [-0.4331360742236607, 4.195864783260744], "CS_sma_20": [-0.43227497824078454, 4.105115293052549], "CS_ema_12": [-0.4323471492879913, 4.161480159640148], "CS_ema_26": [-0.4314829119782315, 4.0676875232961756], "CS_ema_60": [-0.43015954060921985, 3.7868041445093445], "CS_MA5": [-3.08317835706634, 2.387201500493659], "CS_MA10": [-3.0414169359699144, 2.3224953872155427], "CS_MA20": [-2.9402851049560486, 2.2384358286643047], "CS_MA30": [-2.875196066519272, 2.172532923307285], "CS_MA60": [-2.757771659962627, 2.125556483478813], "CS_ROC5": [-2.9638263060613452, 2.454623104009342], "CS_ROC10": [-2.91119378852904, 2.4045437386288633], "CS_ROC20": [-2.813342156111591, 2.302354340543228], "CS_VMA5": [-3.0421758316295278, 2.326117426910137], "CS_VMA10": [-2.7911343615233872, 2.384331807936321], "CS_VMA20": [-2.5940178778654164, 2.4749622125368194], "CS_VMA30": [-2.47057602662331, 2.5315507638222843], "CS_VMA60": [-2.3078617642991883, 2.56706083989363]}